query_id,query_type,A,B_R,change,A_incomplete_B_complete,A_complete_B_incomplete,ORCHESTRATION_RECOVERY_SUCCESS
V2Q001,factual,COMPLETE,COMPLETE,UNCHANGED,False,False,False
V2Q002,factual,PARTIAL,COMPLETE,B_R_IMPROVED,True,False,False
V2Q003,factual,COMPLETE,COMPLETE,UNCHANGED,False,False,False
V2Q004,factual,COMPLETE,COMPLETE,UNCHANGED,False,False,False
V2Q005,factual,COMPLETE,COMPLETE,UNCHANGED,False,False,False
V2Q006,factual,COMPLETE,COMPLETE,UNCHANGED,False,False,False
V2Q007,exact_term,COMPLETE,COMPLETE,UNCHANGED,False,False,False
V2Q008,exact_term,PARTIAL,PARTIAL,UNCHANGED,False,False,False
V2Q009,exact_term,COMPLETE,COMPLETE,UNCHANGED,False,False,False
V2Q010,semantic,COMPLETE,COMPLETE,UNCHANGED,False,False,False
V2Q011,semantic,COMPLETE,COMPLETE,UNCHANGED,False,False,False
V2Q012,semantic,COMPLETE,COMPLETE,UNCHANGED,False,False,False
V2Q013,semantic,COMPLETE,COMPLETE,UNCHANGED,False,False,False
V2Q014,semantic,COMPLETE,COMPLETE,UNCHANGED,False,False,False
V2Q015,relational,COMPLETE,COMPLETE,UNCHANGED,False,False,False
V2Q016,relational,COMPLETE,COMPLETE,UNCHANGED,False,False,False
V2Q017,relational,COMPLETE,COMPLETE,UNCHANGED,False,False,False
V2Q018,relational,COMPLETE,INCORRECT,B_R_REGRESSED,False,True,False
V2Q019,cross_document,PARTIAL,PARTIAL,UNCHANGED,False,False,False
V2Q020,cross_document,PARTIAL,PARTIAL,UNCHANGED,False,False,False
V2Q021,cross_document,INCORRECT,PARTIAL,B_R_IMPROVED,False,False,False
V2Q022,cross_document,INCORRECT,PARTIAL,B_R_IMPROVED,False,False,False
V2Q023,multi_hop,COMPLETE,COMPLETE,UNCHANGED,False,False,False
V2Q024,multi_hop,COMPLETE,COMPLETE,UNCHANGED,False,False,False
V2Q025,multi_hop,INCORRECT,COMPLETE,B_R_IMPROVED,True,False,False
V2Q026,multi_hop,INCORRECT,PARTIAL,B_R_IMPROVED,False,False,False
V2Q028,factual,COMPLETE,COMPLETE,UNCHANGED,False,False,False
V2Q033,factual,COMPLETE,COMPLETE,UNCHANGED,False,False,False
V2Q040,exact_term,COMPLETE,COMPLETE,UNCHANGED,False,False,False
V2Q041,exact_term,COMPLETE,COMPLETE,UNCHANGED,False,False,False
V2Q045,semantic,COMPLETE,COMPLETE,UNCHANGED,False,False,False
V2Q048,semantic,INCORRECT,INCORRECT,UNCHANGED,False,False,False
V2Q052,semantic,INCORRECT,COMPLETE,B_R_IMPROVED,True,False,False
V2Q058,relational,PARTIAL,COMPLETE,B_R_IMPROVED,True,False,True
V2Q059,cross_document,PARTIAL,PARTIAL,UNCHANGED,False,False,False
V2Q060,cross_document,PARTIAL,PARTIAL,UNCHANGED,False,False,False
V2Q062,cross_document,PARTIAL,PARTIAL,UNCHANGED,False,False,False
V2Q064,cross_document,PARTIAL,COMPLETE,B_R_IMPROVED,True,False,False
V2Q073,multi_hop,INCORRECT,COMPLETE,B_R_IMPROVED,True,False,False
V2Q075,multi_hop,INCORRECT,INCORRECT,UNCHANGED,False,False,False
