track,query_id,review_item_id,semantic_status,primary_cause,reason,review_notes,unsupported_claims,exact_gold_available,required_gold,secondary_flags
B-R,V2Q062,R003,PARTIAL,EVIDENCE_SELECTION_MISS,"Available exact Gold not cited/used completely or frozen review explicitly reports omission: The main comparison is correct and supported, but later structured fields contradict the supplied evidence: Document 21 objective/variables and Document 13 optimization variables are incorrectly described as not sufficiently evidenced.","The main comparison is correct and supported, but later structured fields contradict the supplied evidence: Document 21 objective/variables and Document 13 optimization variables are incorrectly described as not sufficiently evidenced.",3,3,3,[]
A,V2Q025,R007,INCORRECT,RETRIEVAL_MISS,"Frozen exact Gold unavailable at defined retrieval/admission boundary; proxy attribution, not proof that equivalent support is absent","The supplied evidence directly contains the two-stage NOMA/FDMA forwarding path and secrecy motivation, but the answer abstains entirely.",0,1,3,"[""GOLD_ABSENCE_WITH_REVIEW_SUFFICIENT""]"
A,V2Q064,R010,PARTIAL,RETRIEVAL_MISS,"Frozen exact Gold unavailable at defined retrieval/admission boundary; proxy attribution, not proof that equivalent support is absent",The provided context lacks the relay-aided satellite-underwater study needed for the comparison; abstention is safe but cannot complete the task.,0,0,2,[]
B-R,V2Q060,R015,PARTIAL,RETRIEVAL_MISS,"Frozen exact Gold unavailable at defined retrieval/admission boundary; proxy attribution, not proof that equivalent support is absent",Correctly establishes document 29’s mission-completion-time objective and cautiously reports that the second study’s own objective is not independently available in the supplied evidence; the requested two-study comparison is therefore incomplete.,0,0,2,[]
A,V2Q062,R016,PARTIAL,RETRIEVAL_MISS,"Frozen exact Gold unavailable at defined retrieval/admission boundary; proxy attribution, not proof that equivalent support is absent",The context supports several parts of the comparison (Document 13 caching/latency objective and Document 21 workload/system-welfare framing) but not all requested details cleanly; the blanket abstention is safe but incomplete.,0,1,3,[]
A,V2Q002,R018,PARTIAL,EVIDENCE_SELECTION_MISS,Available exact Gold not cited/used completely or frozen review explicitly reports omission: It identifies the MEC-server integration but omits the second requested AP function: broadcasting wireless power/energy transfer to users.,It identifies the MEC-server integration but omits the second requested AP function: broadcasting wireless power/energy transfer to users.,0,1,1,[]
B-R,V2Q018,R019,INCORRECT,RETRIEVAL_MISS,"Frozen exact Gold unavailable at defined retrieval/admission boundary; proxy attribution, not proof that equivalent support is absent",The core access assignment is reversed: the study uses NOMA for underwater USN-to-USV uploading and FDMA for the RF USV-to-UAV offloading segment. Other optimization claims are supported.,2,0,2,"[""GOLD_ABSENCE_WITH_REVIEW_SUFFICIENT""]"
B-R,V2Q059,R024,PARTIAL,RETRIEVAL_MISS,"Frozen exact Gold unavailable at defined retrieval/admission boundary; proxy attribution, not proof that equivalent support is absent","It gets the primary objectives largely right, but it does not correctly characterize the studies’ own access schemes: Document 30’s own hybrid NOMA/FDMA access and Document 2’s NOMA setting are not clearly stated, while background TDMA/FDMA categories are presented as the comparison.",1,1,4,"[""GOLD_ABSENCE_WITH_REVIEW_SUFFICIENT""]"
A,V2Q021,R027,INCORRECT,RETRIEVAL_MISS,"Frozen exact Gold unavailable at defined retrieval/admission boundary; proxy attribution, not proof that equivalent support is absent","The context contains both sides: document 5 targets end-to-end delay, while document 26 analyzes OP, BER, and average capacity; the answer abstains despite sufficient evidence.",0,0,2,"[""GOLD_ABSENCE_WITH_REVIEW_SUFFICIENT""]"
A,V2Q022,R030,INCORRECT,RETRIEVAL_MISS,"Frozen exact Gold unavailable at defined retrieval/admission boundary; proxy attribution, not proof that equivalent support is absent",The context directly supports the hybrid NOMA-OMA switching design and the hybrid NOMA/FDMA marine design; blanket abstention is unnecessary.,0,0,3,"[""GOLD_ABSENCE_WITH_REVIEW_SUFFICIENT""]"
A,V2Q075,R031,INCORRECT,RETRIEVAL_MISS,"Frozen exact Gold unavailable at defined retrieval/admission boundary; proxy attribution, not proof that equivalent support is absent","The evidence directly states local versus OBS offloading, system-welfare/system-revenue construction, and vertical decomposition into three subproblems; the answer abstains.",0,1,2,"[""GOLD_ABSENCE_WITH_REVIEW_SUFFICIENT""]"
B-R,V2Q075,R032,INCORRECT,WORKFLOW_TECHNICAL_FAILURE,Preserved runtime failure: llm_network_error,No validated answer was returned even though the provided evidence is sufficient to answer the workload/system-welfare/three-subproblem relation.,0,1,2,"[""GOLD_ABSENCE_WITH_REVIEW_SUFFICIENT""]"
A,V2Q060,R033,PARTIAL,RETRIEVAL_MISS,"Frozen exact Gold unavailable at defined retrieval/admission boundary; proxy attribution, not proof that equivalent support is absent",The supplied context does not cleanly provide both studies’ own objectives; abstention is safe but yields no partial comparison.,0,0,2,[]
B-R,V2Q021,R036,PARTIAL,RETRIEVAL_MISS,"Frozen exact Gold unavailable at defined retrieval/admission boundary; proxy attribution, not proof that equivalent support is absent","Correctly states document 5’s end-to-end-delay objective but misses document 26’s supplied performance indicators (OP, BER, and AC), so the requested comparison is incomplete.",0,0,2,"[""GOLD_ABSENCE_WITH_REVIEW_SUFFICIENT""]"
A,V2Q048,R039,INCORRECT,EVIDENCE_SELECTION_MISS,"Available exact Gold not cited/used completely or frozen review explicitly reports omission: The evidence directly explains decentralized MEC resource management: no central controller, each MEC server acts as an agent, and MADDPG supports distributed decisions; the answer abstains.","The evidence directly explains decentralized MEC resource management: no central controller, each MEC server acts as an agent, and MADDPG supports distributed decisions; the answer abstains.",0,1,1,[]
A,V2Q058,R040,PARTIAL,RETRIEVAL_MISS,"Frozen exact Gold unavailable at defined retrieval/admission boundary; proxy attribution, not proof that equivalent support is absent",The context contains utility/system-welfare and energy-consumption pieces but does not expose the full relation cleanly; the abstention is safe but provides no usable partial answer.,0,0,1,[]
B-R,V2Q020,R046,PARTIAL,RETRIEVAL_MISS,"Frozen exact Gold unavailable at defined retrieval/admission boundary; proxy attribution, not proof that equivalent support is absent","Correctly explains the online hierarchical study’s DRL/SCA decision split, but the supplied context does not expose the secure NOMA study’s learning-component decisions, so the requested comparison remains incomplete.",0,1,2,[]
A,V2Q073,R049,INCORRECT,RETRIEVAL_MISS,"Frozen exact Gold unavailable at defined retrieval/admission boundary; proxy attribution, not proof that equivalent support is absent","The evidence directly contains the SCM-IoV tiers, two-subproblem decomposition, HMDP, and hierarchical actor-critic framework; the answer abstains despite sufficient context.",0,1,2,"[""GOLD_ABSENCE_WITH_REVIEW_SUFFICIENT""]"
A,V2Q020,R058,PARTIAL,RETRIEVAL_MISS,"Frozen exact Gold unavailable at defined retrieval/admission boundary; proxy attribution, not proof that equivalent support is absent",The evidence does not cleanly expose both learning components/decision roles; abstention is safe but gives no partial comparison.,0,0,2,[]
A,V2Q059,R063,PARTIAL,RETRIEVAL_MISS,"Frozen exact Gold unavailable at defined retrieval/admission boundary; proxy attribution, not proof that equivalent support is absent","The supplied context does not cleanly contain the intended second study/access-objective pair, so abstention is safe but cannot complete the comparison.",0,0,4,[]
A,V2Q008,R064,PARTIAL,RETRIEVAL_MISS,"Frozen exact Gold unavailable at defined retrieval/admission boundary; proxy attribution, not proof that equivalent support is absent","The supplied evidence does not define or expand PPO; abstention is appropriate, but the requested factual expansion cannot be completed.",0,0,1,[]
B-R,V2Q048,R065,INCORRECT,WORKFLOW_TECHNICAL_FAILURE,Preserved runtime failure: citation_validation_failed,A technical/no-validated-answer failure despite sufficient evidence explaining why multi-agent RL is suitable for decentralized MEC resource management.,0,0,1,"[""GOLD_ABSENCE_WITH_REVIEW_SUFFICIENT""]"
A,V2Q019,R066,PARTIAL,RETRIEVAL_MISS,"Frozen exact Gold unavailable at defined retrieval/admission boundary; proxy attribution, not proof that equivalent support is absent","The context supports DROO’s objective but not the Feng Wang design’s objective, so abstention is safe but the comparison remains incomplete.",0,0,2,[]
A,V2Q052,R068,INCORRECT,EVIDENCE_SELECTION_MISS,Available exact Gold not cited/used completely or frozen review explicitly reports omission: The evidence explicitly states that UAV-offloaded data can be eavesdropped and motivates secure RL transmission; the answer abstains.,The evidence explicitly states that UAV-offloaded data can be eavesdropped and motivates secure RL transmission; the answer abstains.,0,1,1,[]
B-R,V2Q008,R069,PARTIAL,RETRIEVAL_MISS,"Frozen exact Gold unavailable at defined retrieval/admission boundary; proxy attribution, not proof that equivalent support is absent",Appropriately reports that PPO is not defined in the supplied evidence and avoids inventing an expansion.,0,0,1,[]
A,V2Q026,R071,INCORRECT,RETRIEVAL_MISS,"Frozen exact Gold unavailable at defined retrieval/admission boundary; proxy attribution, not proof that equivalent support is absent",The evidence explains that recent best-action ranks reveal redundant high-rank actions and justify reducing K to lower repeated P2 solves; the answer abstains.,0,1,2,"[""GOLD_ABSENCE_WITH_REVIEW_SUFFICIENT""]"
B-R,V2Q026,R075,PARTIAL,RETRIEVAL_MISS,"Frozen exact Gold unavailable at defined retrieval/admission boundary; proxy attribution, not proof that equivalent support is absent","Correctly explains the rank-based motivation, rolling recent-rank observation, adaptive K updates, and reduced per-frame P2 solves, but it stops short of stating the concrete rank-to-K update rule requested by the question.",0,1,2,"[""GOLD_ABSENCE_WITH_REVIEW_SUFFICIENT""]"
B-R,V2Q022,R077,PARTIAL,RETRIEVAL_MISS,"Frozen exact Gold unavailable at defined retrieval/admission boundary; proxy attribution, not proof that equivalent support is absent","Correctly contrasts NOMA/OMA switching with a NOMA/FDMA two-segment design, but does not explicitly state the key segment mapping (underwater NOMA, RF/aerial FDMA), so the access-scheme comparison is not fully explicit.",0,0,3,"[""GOLD_ABSENCE_WITH_REVIEW_SUFFICIENT""]"
B-R,V2Q019,R080,PARTIAL,RETRIEVAL_MISS,"Frozen exact Gold unavailable at defined retrieval/admission boundary; proxy attribution, not proof that equivalent support is absent","Correctly states DROO’s weighted-sum-computation-rate objective, but incorrectly claims the Feng Wang objective is absent even though a supplied chunk states latency-constrained computation with AP total-energy minimization.",1,0,2,"[""GOLD_ABSENCE_WITH_REVIEW_SUFFICIENT""]"
