track,query_type,interpretation,n,COMPLETE,PARTIAL,INCORRECT,complete_rate,partial_rate,incorrect_rate,evidence_SUFFICIENT,evidence_PARTIAL,evidence_INSUFFICIENT,citation_ALL,citation_PARTIAL,citation_NONE,unsupported_claims,answers_with_unsupported_claims,correctly_cited_complete,correctly_cited_complete_rate,citation_ALL_rate
A,factual,LOW_SAMPLE_DESCRIPTIVE,8,7,1,0,0.875,0.125,0.0,8,0,0,8,0,0,0,0,7,0.875,1.0
A,exact_term,LOW_SAMPLE_DESCRIPTIVE,5,4,1,0,0.8,0.2,0.0,4,0,1,4,0,1,0,0,4,0.8,0.8
A,semantic,LOW_SAMPLE_DESCRIPTIVE,8,6,0,2,0.75,0.0,0.25,8,0,0,6,0,2,0,0,6,0.75,0.75
A,relational,LOW_SAMPLE_DESCRIPTIVE,5,4,1,0,0.8,0.2,0.0,4,1,0,4,0,1,0,0,4,0.8,0.8
A,cross_document,LOW_SAMPLE_DESCRIPTIVE,8,0,6,2,0.0,0.75,0.25,2,6,0,0,0,8,0,0,0,0.0,0.0
A,multi_hop,LOW_SAMPLE_DESCRIPTIVE,6,2,0,4,0.3333333333333333,0.0,0.6666666666666666,6,0,0,2,0,4,0,0,2,0.3333333333333333,0.3333333333333333
B-R,factual,LOW_SAMPLE_DESCRIPTIVE,8,8,0,0,1.0,0.0,0.0,8,0,0,8,0,0,0,0,8,1.0,1.0
B-R,exact_term,LOW_SAMPLE_DESCRIPTIVE,5,4,1,0,0.8,0.2,0.0,4,0,1,5,0,0,0,0,4,0.8,1.0
B-R,semantic,LOW_SAMPLE_DESCRIPTIVE,8,7,0,1,0.875,0.0,0.125,8,0,0,7,0,1,0,0,7,0.875,0.875
B-R,relational,LOW_SAMPLE_DESCRIPTIVE,5,4,0,1,0.8,0.0,0.2,5,0,0,4,1,0,2,1,4,0.8,0.8
B-R,cross_document,LOW_SAMPLE_DESCRIPTIVE,8,1,7,0,0.125,0.875,0.0,6,2,0,5,3,0,5,3,1,0.125,0.625
B-R,multi_hop,LOW_SAMPLE_DESCRIPTIVE,6,4,1,1,0.6666666666666666,0.16666666666666666,0.16666666666666666,6,0,0,5,0,1,0,0,4,0.6666666666666666,0.8333333333333334
